<entry xmlns="http://www.w3.org/2005/Atom" 
       xmlns:m="http://schemas.microsoft.com/ado/2007/08/dataservices/metadata" 
       xmlns:d="http://schemas.microsoft.com/ado/2007/08/dataservices">
  <content type="application/xml">
    <m:properties>
      <d:SalesOrderType>OR</d:SalesOrderType>
      <d:SalesOrganization>1710</d:SalesOrganization>
      <d:DistributionChannel>10</d:DistributionChannel>
      <d:OrganizationDivision>00</d:OrganizationDivision>
      <d:SalesGroup>001</d:SalesGroup>
      <d:SalesOffice>1010</d:SalesOffice>
      <d:SalesDistrict>IN01</d:SalesDistrict>
      <d:SoldToParty>17100001</d:SoldToParty>
      <d:PurchaseOrderByCustomer>PO123456</d:PurchaseOrderByCustomer>
      <d:CustomerPurchaseOrderDate>2024-12-31T00:00:00</d:CustomerPurchaseOrderDate>
      <d:SalesOrderDate>2024-12-31T00:00:00</d:SalesOrderDate>
      <d:TransactionCurrency>EUR</d:TransactionCurrency>
      <d:PricingDate>2024-12-31T00:00:00</d:PricingDate>
      <d:RequestedDeliveryDate>2025-01-31T00:00:00</d:RequestedDeliveryDate>
      <d:ShippingCondition>01</d:ShippingCondition>
      <d:CompleteDeliveryIsDefined>true</d:CompleteDeliveryIsDefined>
      <d:ShippingType>01</d:ShippingType>
      <d:CustomerPaymentTerms>0001</d:CustomerPaymentTerms>
      <d:PaymentMethod>T</d:PaymentMethod>
      <d:IncotermsClassification>EXW</d:IncotermsClassification>
      <d:IncotermsLocation1>Berlin</d:IncotermsLocation1>
      <d:CustomerGroup>01</d:CustomerGroup>
      <d:SlsDocIsRlvtForProofOfDeliv>true</d:SlsDocIsRlvtForProofOfDeliv>
      <d:BillingDocumentDate>2024-12-31T00:00:00</d:BillingDocumentDate>
      <d:ServicesRenderedDate>2024-12-31T00:00:00</d:ServicesRenderedDate>
    </m:properties>
  </content>

  <!-- Navigation: Items -->
  <link rel="http://schemas.microsoft.com/ado/2007/08/dataservices/related/to_Item" 
        type="application/atom+xml;type=feed" title="to_Item">
    <feed>
      <entry>
        <content type="application/xml">
          <m:properties>
            <d:SalesOrderItem>10</d:SalesOrderItem>
            <d:Material>HT-1000</d:Material>
            <d:RequestedQuantity>10</d:RequestedQuantity>
            <d:RequestedQuantityUnit>EA</d:RequestedQuantityUnit>
            <d:MaterialGroup>001</d:MaterialGroup>
            <d:MaterialPricingGroup>01</d:MaterialPricingGroup>
            <d:ShippingPoint>1710</d:ShippingPoint>
            <d:DeliveryPriority>02</d:DeliveryPriority>
            <d:PricingDate>2024-12-31T00:00:00</d:PricingDate>
            <d:CostAmount>10000</d:CostAmount>
            <d:TaxAmount>1900</d:TaxAmount>
            <d:CustomerPaymentTerms>0001</d:CustomerPaymentTerms>
            <d:ProfitCenter>YB17100010</d:ProfitCenter>
          </m:properties>
        </content>
      </entry>
    </feed>
  </link>

  <!-- Navigation: Partners -->
  <link rel="http://schemas.microsoft.com/ado/2007/08/dataservices/related/to_Partner" 
        type="application/atom+xml;type=feed" title="to_Partner">
    <feed>
      <entry>
        <content type="application/xml">
          <m:properties>
            <d:PartnerFunction>SP</d:PartnerFunction>
            <d:Customer>17100001</d:Customer>
          </m:properties>
        </content>
      </entry>
      <entry>
        <content type="application/xml">
          <m:properties>
            <d:PartnerFunction>BP</d:PartnerFunction>
            <d:Customer>17100001</d:Customer>
          </m:properties>
        </content>
      </entry>
      <entry>
        <content type="application/xml">
          <m:properties>
            <d:PartnerFunction>SH</d:PartnerFunction>
            <d:Customer>17100002</d:Customer>
          </m:properties>
        </content>
      </entry>
    </feed>
  </link>

</entry>
